coin,rsi,macd,macd_signal,macd_hist,run_id,timestamp,price,BBL_5_2.0,BBM_5_2.0,BBU_5_2.0,buy_points,ema,macd_line,sell_points
BTC,78.04419848916116,,112.02530944810164,23.686708421406053,,,29799.88,29642.31395029477,29736.293,29830.27204970522,1.0,29730.232667619355,135.7120178695077,0.0
ETH,70.39609989530022,,5.402793622707126,0.07745659638908,,,1871.945,1867.8344332058,1871.8,1875.7655667942,1.0,1871.3728184089416,5.480250219096206,0.0
DOGE,55.60068584077463,,0.000167249122852,-6.417250409515433e-06,,,0.07784,0.0777447171698002,0.077957,0.0781692828301997,0.0,0.0779168637763983,0.0001608318724425,1.0
SHIB,64.53324172153127,,2.206576072310421e-08,-1.0690940342562936e-10,,,8.405e-06,8.394452763012208e-06,8.413e-06,8.431547236987793e-06,0.0,8.409401319665114e-06,2.1958851319678586e-08,1.0
ETC,69.72250743525741,,0.0540232813926967,0.0028265031024669,,,18.5255,18.50275620343813,18.528231885000004,18.55370756656188,1.0,18.522180494056965,0.0568497844951636,0.0
UNI,48.495338975644174,,0.012945573181011,-0.0026386034475895,,,6.64,6.625010254025412,6.656700000000001,6.68838974597459,0.0,6.651705739238898,0.0103069697334214,1.0
AAVE,84.87622667149428,,0.3545568101130912,0.102469429265359,,,66.57507375,65.59232095829712,66.20767655,66.82303214170288,1.0,66.25401482321705,0.4570262393784503,0.0
LTC,48.40069790174827,,0.1609902869229581,-0.0354373456925481,,,93.54,93.28097052969976,93.7625333,94.24409607030024,0.0,93.6939529738902,0.1255529412304099,1.0
LINK,62.8819587071987,,0.0268892977881699,-0.0004000407349426,,,7.618,7.603874597673777,7.63024824,7.656621882326223,0.0,7.624520492990533,0.0264892570532273,1.0
COMP,59.720807106865735,,0.3263615814273996,-0.0015613227646233,,,65.817699,65.41794520276531,65.8118953,66.2058453972347,0.0,65.80748058523557,0.3248002586627763,1.0
BTC,71.14263025976825,,116.50442007915724,17.916442524222404,,,29747.065,29646.0300144029,29728.843,29811.655985597103,1.0,29735.84344507957,134.42086260337965,0.0
ETH,63.9212365307851,,5.347447343409343,-0.2213851171911329,,,1869.815,1869.2389686615625,1870.643,1872.0470313384376,0.0,1870.8535456059608,5.12606222621821,1.0
DOGE,52.503996826320346,,0.0001618671870705,-2.1527743842915183e-05,,,0.07777,0.0777327887403808,0.077882,0.0780312112596191,0.0,0.0778679091842655,0.0001403394432276,1.0
SHIB,64.53324172153128,,2.1767319687860936e-08,-1.1937641409730972e-09,,,8.405e-06,8.400000000007312e-06,8.408e-06,8.415999999992687e-06,0.0,8.407934213110075e-06,2.057355554688784e-08,1.0
ETC,57.24536028445691,,0.0534270590402905,-0.0023848894096247,,,18.476,18.475173620252537,18.51293875,18.550703879747463,0.0,18.506786996037977,0.0510421696306657,1.0
UNI,53.07958974152905,,0.0122064962422973,-0.002956307754855,,,6.6505,6.630771847528584,6.650499999999999,6.670228152471415,0.0,6.651303826159266,0.0092501884874423,1.0
AAVE,86.96970351656483,,0.3840467950924672,0.1179599399175036,,,66.850091,65.78569091153275,66.41769475000001,67.04969858846727,1.0,66.4527068821447,0.5020067350099708,0.0
LTC,43.92013640648267,,0.1465505788692311,-0.0577588322149082,,,93.38,93.31624251502927,93.5965333,93.87682408497074,0.0,93.58930198259348,0.0887917466543228,1.0
LINK,57.873354089189455,,0.026285126408242,-0.0024166855197116,,,7.608,7.601890498672938,7.62134824,7.640805981327063,0.0,7.619013661993689,0.0238684408885303,1.0
COMP,65.84957807849362,,0.3313839668352442,0.0200895416144988,,,66.28894,65.39367661746353,65.92406330000001,66.4544499825365,1.0,65.96796705682371,0.3514735084497431,0.0
AVAX,60.37779961317516,,0.0335673784917838,-0.000443748474002,,,12.859,12.853858748998162,12.878,12.902141251001838,0.0,12.87356044137636,0.0331236300177817,1.0
XLM,72.11412582115209,,0.0006321305355651,0.0001594270357938,,,0.15436699,0.1535683446923804,0.154098039,0.1546277333076195,1.0,0.1541104836296453,0.0007915575713589,0.0
BCH,62.49212747555645,,0.744126452682588,0.0799419975684311,,,245.135,244.3760445555405,245.285,246.1939554444595,1.0,245.3053618837739,0.8240684502510192,0.0
XTZ,81.36519148735397,,0.0040416079011736,0.0006189061625601,,,0.8458,0.8448229350769283,0.845557926,0.8462929169230717,1.0,0.8452328414460542,0.0046605140637338,0.0
BTC,71.18782936016733,,119.59289881271984,12.35391493425044,,,29747.935,29662.75048789901,29739.242,29815.733512100986,1.0,29739.873963386384,131.9468137469703,0.0
ETH,62.59674186132771,,5.228728184958948,-0.4748766338015802,,,1869.36,1868.655927019519,1870.403,1872.150072980481,0.0,1870.3556970706409,4.753851551157368,1.0
DOGE,51.18818119392233,,0.0001535520792647,-3.326043055911301e-05,,,0.07774,0.0776939275552573,0.077832,0.0779700724447426,0.0,0.0778252727895103,0.0001202916487056,1.0
SHIB,66.52653112627553,,2.1344378502750163e-08,-1.6917647239932031e-09,,,8.41e-06,8.402101020526298e-06,8.407e-06,8.4118989794737e-06,0.0,8.408622808740051e-06,1.9652613778756963e-08,1.0
ETC,57.32842764947844,,0.0519316978157671,-0.0059814448980933,,,18.4765,18.458767833758696,18.50303875,18.5473096662413,0.0,18.496691330691988,0.0459502529176738,1.0
UNI,56.64188656771544,,0.0115721488813013,-0.002537389443984,,,6.6595,6.633564234813317,6.6491,6.6646357651866825,0.0,6.654035884106177,0.0090347594373172,1.0
AAVE,76.59241656142862,,0.409554916043846,0.1020324838055151,,,66.600134,66.19551659802029,66.55805975,66.9206029019797,1.0,66.50184925476313,0.5115873998493612,0.0
LTC,45.94112459945613,,0.1299934018877649,-0.0662287079258646,,,93.44,93.3060303019714,93.5265333,93.74703629802865,0.0,93.53953465506233,0.0637646939619003,1.0
LINK,61.65580132538758,,0.0255201948833051,-0.0030597260997476,,,7.6195,7.606757652684002,7.61774824,7.628738827315998,0.0,7.61917577466246,0.0224604687835574,1.0
COMP,66.84891295111171,,0.3401634852190147,0.0351180735350817,,,66.375632,65.67286048943163,66.0985047,66.52414891056839,1.0,66.10385537121581,0.3752815587540965,0.0
AVAX,61.034477520208256,,0.0329604159835479,-0.0024278500329433,,,12.8615,12.85328864003177,12.8709,12.88851135996823,0.0,12.869540294250909,0.0305325659506046,1.0
XLM,68.01367618976415,,0.000661854350523,0.000118895257949,,,0.1541413,0.1536264834271266,0.1541358079999999,0.1546451325728733,1.0,0.1541207557530969,0.0007807496084721,0.0
BCH,57.9192887529598,,0.7468099061867535,0.0107338140166617,,,244.765,244.39986548098813,245.292,246.18413451901188,1.0,245.1252412558493,0.7575437202034152,0.0
XTZ,76.97711735931438,,0.0041377738452783,0.0003846637764186,,,0.84505,0.8449781524703024,0.845591578,0.8462050035296975,1.0,0.8451718942973695,0.004522437621697,0.0
BTC,71.18782936016733,,119.59289881271984,12.35391493425044,,,29747.935,29662.75048789901,29739.242,29815.733512100986,1.0,29739.873963386384,131.9468137469703,0.0
ETH,62.59674186132771,,5.228728184958948,-0.4748766338015802,,,1869.36,1868.655927019519,1870.403,1872.150072980481,0.0,1870.3556970706409,4.753851551157368,1.0
DOGE,51.18818119392233,,0.0001535520792647,-3.326043055911301e-05,,,0.07774,0.0776939275552573,0.077832,0.0779700724447426,0.0,0.0778252727895103,0.0001202916487056,1.0
SHIB,66.52653112627553,,2.1344378502750163e-08,-1.6917647239932031e-09,,,8.41e-06,8.402101020526298e-06,8.407e-06,8.4118989794737e-06,0.0,8.408622808740051e-06,1.9652613778756963e-08,1.0
ETC,57.32842764947844,,0.0519316978157671,-0.0059814448980933,,,18.4765,18.458767833758696,18.50303875,18.5473096662413,0.0,18.496691330691988,0.0459502529176738,1.0
UNI,56.64188656791825,,0.0115721488815258,-0.0025373894440558,,,6.6595,6.633564234813321,6.6491,6.664635765186679,0.0,6.654035884106177,0.00903475943747,1.0
AAVE,76.59241656142862,,0.409554916043846,0.1020324838055151,,,66.600134,66.19551659802029,66.55805975,66.9206029019797,1.0,66.50184925476313,0.5115873998493612,0.0
LTC,45.94112459945613,,0.1299934018877649,-0.0662287079258646,,,93.44,93.3060303019714,93.5265333,93.74703629802865,0.0,93.53953465506233,0.0637646939619003,1.0
LINK,61.65580132538758,,0.0255201948833051,-0.0030597260997476,,,7.6195,7.606757652684002,7.61774824,7.628738827315998,0.0,7.61917577466246,0.0224604687835574,1.0
COMP,66.84891295111171,,0.3401634852190147,0.0351180735350817,,,66.375632,65.67286048943163,66.0985047,66.52414891056839,1.0,66.10385537121581,0.3752815587540965,0.0
AVAX,61.034477520208256,,0.0329604159835479,-0.0024278500329433,,,12.8615,12.85328864003177,12.8709,12.88851135996823,0.0,12.869540294250909,0.0305325659506046,1.0
XLM,68.013676174521,,0.0006618543500872,0.0001188952580884,,,0.1541413,0.1536264834271265,0.1541358079999999,0.1546451325728734,1.0,0.1541207557530969,0.0007807496081757,0.0
BCH,57.9192887529598,,0.7468099061867535,0.0107338140166617,,,244.765,244.39986548098813,245.292,246.18413451901188,1.0,245.1252412558493,0.7575437202034152,0.0
XTZ,76.97711735931438,,0.0041377738452783,0.0003846637764186,,,0.84505,0.8449781524703024,0.845591578,0.8462050035296975,1.0,0.8451718942973695,0.004522437621697,0.0
BTC,69.5330084540389,,121.179436391878,6.346150316632659,,,29735.66,29694.30878575045,29749.477000000003,29804.64521424955,1.0,29738.469308924257,127.52558670851067,0.0
ETH,61.73386923530127,,5.060047250308954,-0.6747237385999787,,,1869.075,1868.0890450987,1870.129,1872.1689549013004,0.0,1869.928798047094,4.385323511708975,1.0
DOGE,49.84296758684102,,0.0001430057993881,-4.2185119506713096e-05,,,0.07771,0.0776599418735718,0.077789,0.0779180581264281,0.0,0.0777868485263402,0.0001008206798814,1.0
SHIB,66.52653115636497,,2.0816926165134145e-08,-2.1098093656948075e-09,,,8.41e-06,8.402101020526336e-06,8.407e-06,8.411898979473663e-06,0.0,8.409081872493367e-06,1.8707116799439338e-08,1.0
ETC,54.15569117709854,,0.0496094384043854,-0.0092890376455269,,,18.4625,18.44199847253042,18.4911,18.54020152746958,0.0,18.485294220461327,0.0403204007588584,1.0
UNI,62.442293492000296,,0.0112815473306617,-0.0011624062025583,,,6.6765,6.6261941182841895,6.6534,6.680605881715811,0.0,6.661523922737452,0.0101191411281034,1.0
AAVE,68.86360809368489,,0.4268135251875328,0.0690344365747471,,,66.381817,66.25963770654963,66.57542314999999,66.89120859345036,1.0,66.46183850317541,0.4958479617622799,0.0
LTC,44.224769717488094,,0.1117234448615336,-0.0730798285165066,,,93.38,93.30106174016775,93.463,93.62493825983222,0.0,93.4863564367082,0.038643616345027,1.0
LINK,62.90346123631564,,0.0247002529659186,-0.0032797676695458,,,7.6235,7.607209647052209,7.61744824,7.6276868329477905,0.0,7.620617183108306,0.0214204852963728,1.0
COMP,69.82552969261742,,0.3543919213497808,0.0569137445230644,,,66.6470025,65.59718494992158,66.2083812,66.81957745007843,1.0,66.28490441414388,0.4113056658728453,0.0
AVAX,63.01485110466196,,0.0321189070126996,-0.0033660358833932,,,12.869,12.852697904325188,12.869400000000002,12.886102095674817,0.0,12.869360196167271,0.0287528711293063,1.0
XLM,61.82241142001776,,0.0006762715052331,5.766862058342523e-05,,,0.153772195,0.1537451226771253,0.154160584,0.1545760453228746,1.0,0.1540045688353979,0.0007339401258165,0.0
BCH,55.27066224988684,,0.7332162270277469,-0.0543747166360266,,,244.54,244.10160007404045,245.182,246.26239992595947,0.0,244.93016083723288,0.6788415103917202,1.0
XTZ,78.39896238680844,,0.0041963243942675,0.0002342021959568,,,0.8459,0.8449668825930362,0.84561,0.8462531174069637,1.0,0.8454145961982464,0.0044305265902243,0.0
BTC,69.5330084540389,,121.179436391878,6.346150316632659,,,29735.66,29694.30878575045,29749.477000000003,29804.64521424955,1.0,29738.469308924257,127.52558670851067,0.0
ETH,61.73386923530127,,5.060047250308954,-0.6747237385999787,,,1869.075,1868.0890450987,1870.129,1872.1689549013004,0.0,1869.928798047094,4.385323511708975,1.0
DOGE,49.84296759617541,,0.0001430057995304,-4.218511955224525e-05,,,0.07771,0.0776599418735728,0.077789,0.0779180581264271,0.0,0.0777868485263402,0.0001008206799781,1.0
SHIB,66.52653112627554,,2.081692616160857e-08,-2.109809364566338e-09,,,8.41e-06,8.40210102052633e-06,8.407e-06,8.411898979473668e-06,0.0,8.409081872493367e-06,1.870711679704224e-08,1.0
ETC,54.15569117709854,,0.0496094384043854,-0.0092890376455269,,,18.4625,18.44199847253042,18.4911,18.54020152746958,0.0,18.485294220461327,0.0403204007588584,1.0
UNI,62.442293492213736,,0.0112815473308697,-0.0011624062026242,,,6.6765,6.62619411828419,6.6534,6.680605881715809,0.0,6.661523922737452,0.0101191411282455,1.0
AAVE,68.86360809368489,,0.4268135251875328,0.0690344365747471,,,66.381817,66.25963770654963,66.57542314999999,66.89120859345036,1.0,66.46183850317541,0.4958479617622799,0.0
LTC,44.22476971149423,,0.111723444766257,-0.0730798284860315,,,93.38,93.30106174016784,93.463,93.62493825983212,0.0,93.4863564367082,0.0386436162802255,1.0
LINK,62.90346123631564,,0.0247002529659186,-0.0032797676695458,,,7.6235,7.607209647052209,7.61744824,7.6276868329477905,0.0,7.620617183108306,0.0214204852963728,1.0
COMP,69.82552969261742,,0.3543919213497808,0.0569137445230644,,,66.6470025,65.59718494992158,66.2083812,66.81957745007843,1.0,66.28490441414388,0.4113056658728453,0.0
AVAX,63.01485110466196,,0.0321189070126996,-0.0033660358833932,,,12.869,12.852697904325188,12.869400000000002,12.886102095674817,0.0,12.869360196167271,0.0287528711293063,1.0
XLM,61.82241142001776,,0.0006762715052331,5.766862058342523e-05,,,0.153772195,0.1537451226771253,0.154160584,0.1545760453228746,1.0,0.1540045688353979,0.0007339401258165,0.0
BCH,55.27066224988684,,0.7332162270277469,-0.0543747166360266,,,244.54,244.10160007404045,245.182,246.26239992595947,0.0,244.93016083723288,0.6788415103917202,1.0
XTZ,78.39896238680844,,0.0041963243942675,0.0002342021959568,,,0.8459,0.8449668825930362,0.84561,0.8462531174069637,1.0,0.8454145961982464,0.0044305265902243,0.0
BTC,70.02722290357505,,121.59421643673636,1.65912017943333,,,29743.745,29709.007670850293,29754.857,29800.706329149707,1.0,29740.22787261617,123.25333661616968,0.0
ETH,57.09455216378863,,4.832472015469227,-0.91030093935891,,,1867.515,1866.6841854504944,1869.542,1872.3998145495048,0.0,1869.1241986980624,3.922171076110317,1.0
DOGE,50.31171511219064,,0.000131447522412,-4.623310790440548e-05,,,0.07772,0.0776625334284514,0.077756,0.0778494665715485,0.0,0.0777645656842268,8.521441450760892e-05,1.0
SHIB,70.38692597829838,,2.0363716350558176e-08,-1.812839258303877e-09,,,8.42e-06,8.399045548855256e-06,8.41e-06,8.420954451144746e-06,0.0,8.412721248328912e-06,1.8550877092254298e-08,1.0
ETC,51.94433446202971,,0.0466180178002321,-0.0119656824166131,,,18.4525,18.428390837491072,18.4786,18.528809162508928,0.0,18.474362813640887,0.034652335383619,1.0
UNI,55.819546193545335,,0.0109725580563476,-0.001235957097804,,,6.6625,6.633390165917536,6.6578,6.682209834082464,0.0,6.661849281824968,0.0097366009585435,1.0
AAVE,65.28819476420897,,0.4352686920916591,0.0338206676165048,,,66.271798,66.13792052011159,66.53578275,66.9336449798884,1.0,66.39849166878362,0.469089359708164,0.0
LTC,41.31576765962356,,0.0914078375718545,-0.0812624287776102,,,93.275,93.22961026559352,93.403,93.57638973440648,0.0,93.41590429113882,0.0101454087942443,1.0
LINK,58.54409581271693,,0.0236969049020031,-0.0040133922556621,,,7.615,7.6064346731846655,7.6168,7.627165326815335,0.0,7.618744788738871,0.019683512646341,1.0
COMP,70.79527562674056,,0.3719687766898153,0.0703074213601376,,,66.74019,65.72561245616696,66.3738927,67.02217294383304,1.0,66.43666627609593,0.442276198049953,0.0
AVAX,58.52990566607888,,0.0309337753001951,-0.0047405268500181,,,12.8585,12.850603103782948,12.865099999999998,12.879596896217048,0.0,12.865740130778182,0.026193248450177,1.0
XLM,55.51165602279463,,0.0006719685637361,-1.721176598805938e-05,,,0.15334416,0.1532243155900335,0.153982977,0.1547416384099664,0.0,0.1537844325569319,0.000654756797748,1.0
BCH,48.99695022211679,,0.6991284782577764,-0.1363509955419742,,,243.955,243.47699190712527,244.898,246.31900809287472,0.0,244.60510722482192,0.5627774827158021,1.0
XTZ,73.50992638818556,,0.0042051035001165,3.5116423395892965e-05,,,0.84505,0.8447316686007499,0.8454499999999999,0.84616833139925,1.0,0.8452930641321643,0.0042402199235124,0.0
BTC,70.02722292369224,,121.59421644865266,1.6591201756224478,,,29743.745,29709.00767085029,29754.857,29800.706329149714,1.0,29740.22787261617,123.25333662427512,0.0
ETH,57.09455216378863,,4.832472015469227,-0.91030093935891,,,1867.515,1866.6841854504944,1869.542,1872.3998145495048,0.0,1869.1241986980624,3.922171076110317,1.0
DOGE,50.31171511219064,,0.000131447522412,-4.623310790440548e-05,,,0.07772,0.0776625334284514,0.077756,0.0778494665715485,0.0,0.0777645656842268,8.521441450760892e-05,1.0
SHIB,70.38692597829838,,2.0363716350558176e-08,-1.812839258303877e-09,,,8.42e-06,8.399045548855256e-06,8.41e-06,8.420954451144746e-06,0.0,8.412721248328912e-06,1.8550877092254298e-08,1.0
ETC,51.94433446202971,,0.0466180178002321,-0.0119656824166131,,,18.4525,18.428390837491072,18.4786,18.528809162508928,0.0,18.474362813640887,0.034652335383619,1.0
UNI,55.81954619347586,,0.0109725580562208,-0.0012359570977634,,,6.6625,6.633390165917531,6.6578,6.682209834082469,0.0,6.661849281824968,0.0097366009584574,1.0
AAVE,65.28819476420897,,0.4352686920916591,0.0338206676165048,,,66.271798,66.13792052011159,66.53578275,66.9336449798884,1.0,66.39849166878362,0.469089359708164,0.0
LTC,41.31576765962356,,0.0914078375718545,-0.0812624287776102,,,93.275,93.22961026559352,93.403,93.57638973440648,0.0,93.41590429113882,0.0101454087942443,1.0
LINK,58.54409581271693,,0.0236969049020031,-0.0040133922556621,,,7.615,7.6064346731846655,7.6168,7.627165326815335,0.0,7.618744788738871,0.019683512646341,1.0
COMP,70.79527562674056,,0.3719687766898153,0.0703074213601376,,,66.74019,65.72561245616696,66.3738927,67.02217294383304,1.0,66.43666627609593,0.442276198049953,0.0
AVAX,58.52990566607888,,0.0309337753001951,-0.0047405268500181,,,12.8585,12.850603103782948,12.865099999999998,12.879596896217048,0.0,12.865740130778182,0.026193248450177,1.0
XLM,55.51165602279463,,0.0006719685637361,-1.721176598805938e-05,,,0.15334416,0.1532243155900335,0.153982977,0.1547416384099664,0.0,0.1537844325569319,0.000654756797748,1.0
BCH,49.01733081847631,,0.6983760297128871,-0.1374462593449099,,,243.955,243.4647565028996,244.892,246.3192434971004,0.0,244.5984405581553,0.5609297703679772,1.0
XTZ,73.50992638818556,,0.0042051035001165,3.5116423395892965e-05,,,0.84505,0.8447316686007499,0.8454499999999999,0.84616833139925,1.0,0.8452930641321643,0.0042402199235124,0.0
BTC,70.02722290357505,,121.59421643673636,1.65912017943333,,,29743.745,29709.007670850293,29754.857,29800.706329149707,1.0,29740.22787261617,123.25333661616968,0.0
ETH,57.09455216378863,,4.832472015469227,-0.91030093935891,,,1867.515,1866.6841854504944,1869.542,1872.3998145495048,0.0,1869.1241986980624,3.922171076110317,1.0
DOGE,50.31171511219064,,0.000131447522412,-4.623310790440548e-05,,,0.07772,0.0776625334284514,0.077756,0.0778494665715485,0.0,0.0777645656842268,8.521441450760892e-05,1.0
SHIB,70.38692597829838,,2.0363716350558176e-08,-1.812839258303877e-09,,,8.42e-06,8.399045548855256e-06,8.41e-06,8.420954451144746e-06,0.0,8.412721248328912e-06,1.8550877092254298e-08,1.0
ETC,51.94433446202971,,0.0466180178002321,-0.0119656824166131,,,18.4525,18.428390837491072,18.4786,18.528809162508928,0.0,18.474362813640887,0.034652335383619,1.0
UNI,55.81954619347586,,0.0109725580562208,-0.0012359570977634,,,6.6625,6.633390165917531,6.6578,6.682209834082469,0.0,6.661849281824968,0.0097366009584574,1.0
AAVE,65.28819476522185,,0.4352686920706994,0.0338206676232252,,,66.271798,66.13792052011145,66.53578275,66.93364497988854,1.0,66.39849166878362,0.4690893596939247,0.0
LTC,41.31576765962356,,0.0914078375718545,-0.0812624287776102,,,93.275,93.22961026559352,93.403,93.57638973440648,0.0,93.41590429113882,0.0101454087942443,1.0
LINK,58.54409581271693,,0.0236969049020031,-0.0040133922556621,,,7.615,7.6064346731846655,7.6168,7.627165326815335,0.0,7.618744788738871,0.019683512646341,1.0
COMP,70.79527561320567,,0.3719687766867239,0.07030742136114,,,66.74019,65.72561245616704,66.3738927,67.02217294383296,1.0,66.43666627609593,0.442276198047864,0.0
AVAX,58.52990566607888,,0.0309337753001951,-0.0047405268500181,,,12.8585,12.850603103782948,12.865099999999998,12.879596896217048,0.0,12.865740130778182,0.026193248450177,1.0
XLM,55.51165602279463,,0.0006719685637361,-1.721176598805938e-05,,,0.15334416,0.1532243155900335,0.153982977,0.1547416384099664,0.0,0.1537844325569319,0.000654756797748,1.0
BCH,48.99695022211679,,0.6991284782577764,-0.1363509955419742,,,243.955,243.47699190712527,244.898,246.31900809287472,0.0,244.60510722482192,0.5627774827158021,1.0
XTZ,73.50992638818556,,0.0042051035001165,3.5116423395892965e-05,,,0.84505,0.8447316686007499,0.8454499999999999,0.84616833139925,1.0,0.8452930641321643,0.0042402199235124,0.0
BTC,70.02722290357505,,121.59421643673636,1.65912017943333,,,29743.745,29709.007670850293,29754.857,29800.706329149707,1.0,29740.22787261617,123.25333661616968,0.0
ETH,57.09455216378863,,4.832472015469227,-0.91030093935891,,,1867.515,1866.6841854504944,1869.542,1872.3998145495048,0.0,1869.1241986980624,3.922171076110317,1.0
DOGE,50.31171511990197,,0.0001314475225437,-4.623310794655994e-05,,,0.07772,0.0776625334284528,0.077756,0.0778494665715471,0.0,0.0777645656842268,8.521441459721779e-05,1.0
SHIB,70.38692597829838,,2.0363716350558176e-08,-1.812839258303877e-09,,,8.42e-06,8.399045548855256e-06,8.41e-06,8.420954451144746e-06,0.0,8.412721248328912e-06,1.8550877092254298e-08,1.0
ETC,51.94433446202971,,0.0466180178002321,-0.0119656824166131,,,18.4525,18.428390837491072,18.4786,18.528809162508928,0.0,18.474362813640887,0.034652335383619,1.0
UNI,55.81954619347586,,0.0109725580562208,-0.0012359570977634,,,6.6625,6.633390165917531,6.6578,6.682209834082469,0.0,6.661849281824968,0.0097366009584574,1.0
AAVE,65.28819476522185,,0.4352686920706994,0.0338206676232252,,,66.271798,66.13792052011145,66.53578275,66.93364497988854,1.0,66.39849166878362,0.4690893596939247,0.0
LTC,41.31576766607144,,0.0914078376600754,-0.0812624288058329,,,93.275,93.22961026559342,93.403,93.57638973440656,0.0,93.41590429113882,0.0101454088542425,1.0
LINK,58.54409581271693,,0.0236969049020031,-0.0040133922556621,,,7.615,7.6064346731846655,7.6168,7.627165326815335,0.0,7.618744788738871,0.019683512646341,1.0
COMP,70.79527562674056,,0.3719687766898153,0.0703074213601376,,,66.74019,65.72561245616696,66.3738927,67.02217294383304,1.0,66.43666627609593,0.442276198049953,0.0
AVAX,58.52990566607888,,0.0309337753001951,-0.0047405268500181,,,12.8585,12.850603103782948,12.865099999999998,12.879596896217048,0.0,12.865740130778182,0.026193248450177,1.0
XLM,55.51165602279463,,0.0006719685637361,-1.721176598805938e-05,,,0.15334416,0.1532243155900335,0.153982977,0.1547416384099664,0.0,0.1537844325569319,0.000654756797748,1.0
BCH,48.99695022044556,,0.6991284781508117,-0.1363509955077407,,,243.955,243.4769919071253,244.898,246.3190080928747,0.0,244.60510722482192,0.5627774826430709,1.0
XTZ,73.50992638818556,,0.0042051035001165,3.5116423395892965e-05,,,0.84505,0.8447316686007499,0.8454499999999999,0.84616833139925,1.0,0.8452930641321643,0.0042402199235124,0.0
BTC,72.01477718812849,,121.50010194165026,-0.376457980344469,,,29776.615,29722.40775249277,29750.204,29778.000247507225,0.0,29752.35691507745,121.1236439613058,1.0
BTC,72.01477718812849,,121.50010194165026,-0.376457980344469,,,29776.615,29722.40775249277,29750.204,29778.000247507225,0.0,29752.35691507745,121.1236439613058,1.0
ETH,57.22769094868925,,4.569855927828785,-1.0504643505617697,,,1867.575,1866.773971489284,1868.668,1870.5620285107168,0.0,1868.6077991320417,3.5193915772670152,1.0
DOGE,45.5030789180569,,0.0001178860400699,-5.424592936812818e-05,,,0.077615,0.0776066160932093,0.077711,0.0778153839067906,0.0,0.0777147104561512,6.364011070185416e-05,1.0
SHIB,62.610773681399486,,1.9774841132603844e-08,-2.355500871817334e-09,,,8.41e-06,8.401202041034876e-06,8.411000000000001e-06,8.420797958965127e-06,0.0,8.411814165552608e-06,1.741934026078651e-08,1.0
ETC,48.52982667321447,,0.0430024725877218,-0.0144621808500411,,,18.4365,18.43060331144233,18.4608,18.490996688557672,0.0,18.46174187576059,0.0285402917376806,1.0
UNI,56.17708015103115,,0.0106591871777013,-0.0012534835140779,,,6.6635,6.645766799471334,6.6625,6.679233200528666,0.0,6.662399521216646,0.0094057036636234,1.0
LTC,35.6618940086937,,0.066917409540648,-0.0979617121248258,,,93.04,93.0193382295802,93.303,93.58666177041978,0.0,93.29060286075922,-0.0310443025841777,1.0
LINK,61.73585494361788,,0.0227287554939793,-0.0038725976320953,,,7.6245,7.605977294031698,7.6181,7.630222705968302,0.0,7.620663192492581,0.0188561578618839,1.0
AVAX,58.31705489806107,,0.0295169125338602,-0.0056674510653396,,,12.858,12.853036667351738,12.8612,12.869363332648264,0.0,12.863160087185456,0.0238494614685205,1.0
XLM,49.85484558024209,,0.0006145055252764,-0.0001422839891168,,,0.15291355,0.1525367551549214,0.153446039,0.1543553228450785,0.0,0.153332928914192,0.0004722215361595,1.0
BCH,49.91376807030868,,0.597747346511135,-0.2131418097845246,,,244.03,243.52346348010832,244.23200000000003,244.9405365198917,0.0,244.25004765547644,0.3846055367266103,1.0
XTZ,72.93368185779852,,0.0041024203305917,-0.0002745062429359,,,0.84495,0.84445446571469,0.8451799999999998,0.8459055342853097,0.0,0.8451024729476286,0.0038279140876558,1.0
BTC,73.86629853713411,,121.33530605042318,-0.6591836090446463,,,29809.225,29708.4759319104,29762.636,29816.796068089603,0.0,29771.312943384968,120.67612244137854,1.0
ETH,61.782794774830194,,4.322770505869734,-0.988341687836204,,,1869.715,1866.801320818541,1868.648,1870.4946791814589,0.0,1868.976866088028,3.3344288180335298,1.0
DOGE,46.55097440654296,,0.0001038303049146,-5.622294062131655e-05,,,0.077635,0.077584924271404,0.077684,0.0777830757285959,0.0,0.0776881403041008,4.7607364293336674e-05,1.0
SHIB,64.7100905087463,,1.916650449407608e-08,-2.433346542020277e-09,,,8.415e-06,8.405000000007395e-06,8.413e-06,8.420999999992607e-06,0.0,8.412876110368406e-06,1.6733157952055803e-08,1.0
ETC,51.83303242347085,,0.0393345531302007,-0.0146716778300845,,,18.452,18.42960303047979,18.456,18.48239696952021,0.0,18.458494583840395,0.0246628753001161,1.0
UNI,57.65330108444979,,0.0103990206341775,-0.0010406661748101,,,6.6675,6.654128848827254,6.665900000000001,6.677671151172747,0.0,6.6640996808110975,0.0093583544593673,1.0
AAVE,65.71697893144245,,0.433333584675085,-0.0140614264290968,,,66.295,66.11697003551163,66.36508979999999,66.61320956448836,0.0,66.33692963057051,0.4192721582459882,1.0
LTC,42.83206619709093,,0.0441324782731025,-0.091139725070182,,,93.24,92.99975465490272,93.275,93.5502453450973,0.0,93.27373524050616,-0.0470072467970794,1.0
LINK,61.467616406242925,,0.0217736392740143,-0.0038204648798598,,,7.624,7.614072275600657,7.6213,7.628527724399342,0.0,7.621775461661722,0.0179531743941545,1.0
AVAX,61.48468748161261,,0.0281293258730259,-0.0055503466433372,,,12.8685,12.853562704789766,12.8631,12.872637295210232,0.0,12.864940058123636,0.0225789792296886,1.0
XLM,49.7931266164647,,0.0006144259127408,-0.0001426024392593,,,0.15290856,0.1525334136423802,0.153445041,0.1543566683576197,0.0,0.1533312655808586,0.0004718234734815,1.0
BCH,50.54740340628772,,0.5987046114683997,-0.209312749955466,,,244.09,243.54762653696443,244.244,244.9403734630356,0.0,244.27004765547645,0.3893918615129337,1.0
XTZ,72.93368185779852,,0.0041024203305917,-0.0002745062429359,,,0.84495,0.84445446571469,0.8451799999999998,0.8459055342853097,0.0,0.8451024729476286,0.0038279140876558,1.0
BTC,73.86629853713411,,121.33530605042318,-0.6591836090446463,,,29809.225,29708.4759319104,29762.636,29816.796068089603,0.0,29771.312943384968,120.67612244137854,1.0
ETH,61.782794774830194,,4.322770505869734,-0.988341687836204,,,1869.715,1866.801320818541,1868.648,1870.4946791814589,0.0,1868.976866088028,3.3344288180335298,1.0
DOGE,46.5509744243131,,0.0001038303050276,-5.622294065746808e-05,,,0.077635,0.0775849242714054,0.077684,0.0777830757285946,0.0,0.0776881403041008,4.760736437015023e-05,1.0
SHIB,64.7100905087463,,1.916650449407608e-08,-2.433346542020277e-09,,,8.415e-06,8.405000000007395e-06,8.413e-06,8.420999999992607e-06,0.0,8.412876110368406e-06,1.6733157952055803e-08,1.0
ETC,51.83303242787622,,0.0393345531488567,-0.0146716778360574,,,18.452,18.42960303047979,18.456,18.48239696952021,0.0,18.458494583840395,0.0246628753127993,1.0
UNI,57.653301084293616,,0.0103990206340118,-0.0010406661747581,,,6.6675,6.654128848827248,6.665899999999999,6.67767115117275,0.0,6.6640996808110975,0.0093583544592537,1.0
AAVE,65.71697893248997,,0.4333335846571244,-0.0140614264233291,,,66.295,66.11697003551139,66.36508979999999,66.6132095644886,0.0,66.33692963057051,0.4192721582337952,1.0
LTC,42.83206619709093,,0.0441324782731025,-0.091139725070182,,,93.24,92.99975465490272,93.275,93.5502453450973,0.0,93.27373524050616,-0.0470072467970794,1.0
LINK,61.467616406242925,,0.0217736392740143,-0.0038204648798598,,,7.624,7.614072275600657,7.6213,7.628527724399342,0.0,7.621775461661722,0.0179531743941545,1.0
AVAX,61.48468747220539,,0.0281293258705066,-0.0055503466425303,,,12.8685,12.853562704789768,12.8631,12.87263729521023,0.0,12.864940058123636,0.0225789792279762,1.0
XLM,49.793126622035246,,0.0006144259130611,-0.0001426024393618,,,0.15290856,0.1525334136423802,0.1534450409999999,0.1543566683576197,0.0,0.1533312655808586,0.0004718234736993,1.0
BCH,50.54740340628772,,0.5987046114683997,-0.209312749955466,,,244.09,243.54762653696443,244.244,244.9403734630356,0.0,244.27004765547645,0.3893918615129337,1.0
XTZ,72.93368185779852,,0.0041024203305917,-0.0002745062429359,,,0.84495,0.84445446571469,0.8451799999999998,0.8459055342853097,0.0,0.8451024729476286,0.0038279140876558,1.0
BTC,74.85018057425893,,121.14396339709852,-0.7653706132986855,,,29827.13,29707.169301774305,29778.475,29849.78069822569,0.0,29789.918628923315,120.37859278379985,1.0
ETH,60.67716258295389,,4.083095060575198,-0.958701781178144,,,1869.375,1866.7996610253024,1868.651,1870.5023389746973,0.0,1869.1095773920188,3.1243932793970544,1.0
DOGE,49.92126537143628,,9.100199340808356e-05,-5.131324647813905e-05,,,0.0777,0.0775908178422642,0.077676,0.0777611821577357,0.0,0.0776920935360672,3.968874692994451e-05,1.0
SHIB,66.72228385391357,,1.8613947569635305e-08,-2.210227697763111e-09,,,8.42e-06,8.406055728096666e-06,8.415e-06,8.423944271903334e-06,0.0,8.415250740245605e-06,1.6403719871872194e-08,1.0
ETC,50.04774763550893,,0.0356087981786965,-0.0149030198060168,,,18.444,18.431984292767588,18.4495,18.467015707232413,0.0,18.4536630558936,0.0207057783726796,1.0
UNI,51.334039112466726,,0.0099637858158,-0.0018368297044154,,,6.654,6.650163060431496,6.6648,6.679436939568503,0.0,6.660744681560677,0.0081269561113845,1.0
AAVE,65.52625286200403,,0.4257412548838891,-0.0303693190929413,,,66.29,66.22251311767722,66.30306300000001,66.3836128823228,0.0,66.32128642038035,0.3953719357909477,1.0
LTC,42.44995959521085,,0.0232710399990312,-0.0834457530962853,,,93.225,93.01158221487748,93.232,93.45241778512252,0.0,93.25749016033744,-0.060174713097254,1.0
LINK,58.45869930777668,,0.0207393849583258,-0.0041370172627542,,,7.6185,7.613632738119698,7.6211,7.628567261880303,0.0,7.620683641107815,0.0166023676955715,1.0
AVAX,64.13994328629317,,0.0269202830215108,-0.0048361714060602,,,12.878,12.851468154838445,12.8664,12.881331845161554,0.0,12.869293372082424,0.0220841116154506,1.0
XLM,46.80208947834671,,0.0005668038655896,-0.000190488189886,,,0.15266936,0.1523904354022505,0.153150653,0.1539108705977494,0.0,0.1531106303872391,0.0003763156757036,1.0
BCH,49.81220662186649,,0.544065093881665,-0.2185580703469388,,,244.025,243.62852165823304,244.096,244.56347834176697,0.0,244.188365103651,0.3255070235347261,1.0
XTZ,77.0094874428492,,0.0040374843767681,-0.0002597438152945,,,0.8469,0.8440229112667745,0.8455499999999999,0.8470770887332253,0.0,0.8457016486317525,0.0037777405614736,1.0
ETH,65.78713908491643,,3.893361914457724,-0.7589325844698993,,,1872.01,1865.9316932992847,1869.238,1872.544306700716,0.0,1870.0763849280129,3.1344293299878245,1.0
DOGE,54.65820290476067,,8.10035180248345e-05,-3.9993901532996186e-05,,,0.0778,0.0775623337552879,0.077694,0.077825666244712,0.0,0.0777280623573781,4.100961649183832e-05,1.0
SHIB,71.89892475852682,,1.8322209522084173e-08,-1.166952190204558e-09,,,8.435e-06,8.403266799472928e-06,8.42e-06,8.436733200527073e-06,0.0,8.421833826830403e-06,1.7155257331879612e-08,1.0
ETC,57.27780874256386,,0.0325432798354598,-0.0122620734420394,,,18.4805,18.42329127644713,18.4531,18.482908723552864,0.0,18.462608703929067,0.0202812063934203,1.0
UNI,56.61603392184226,,0.0096091968635492,-0.0014183558083922,,,6.668,6.65303222964443,6.6631,6.67316777035557,0.0,6.663163121040451,0.0081908410551569,1.0
AAVE,63.92781053326532,,0.4143830327092051,-0.0454328886987359,,,66.25,66.24509327679803,66.2766996,66.30830592320197,0.0,66.29752428025357,0.3689501440104692,1.0
LTC,49.69881847756941,,0.0082455051824223,-0.0601021395465647,,,93.45,92.98466496599514,93.246,93.50733503400488,0.0,93.32166010689164,-0.0518566343641424,1.0
LINK,64.27914925459336,,0.0199337015554091,-0.0032227336116664,,,7.6355,7.60957161172306,7.6235,7.637428388276939,0.0,7.625622427405211,0.0167109679437427,1.0
AVAX,69.60360641334782,,0.0261921227913657,-0.0029126409205802,,,12.901,12.840996855502455,12.872800000000002,12.904603144497546,0.0,12.87986224805495,0.0232794818707855,1.0
XLM,44.26266091255214,,0.0005094983486189,-0.0002292220666964,,,0.15245722,0.1522737417109123,0.1528876579999999,0.1535015742890876,0.0,0.1528928269248261,0.0002802762819224,1.0
BCH,55.58411411178744,,0.498699872000753,-0.1855485692509656,,,244.555,243.6201096158605,244.099,244.57789038413944,0.0,244.3110391765651,0.3131513027497874,1.0
XTZ,77.19910833298732,,0.0039706588718596,-0.0002673020196339,,,0.847,0.8438406477773269,0.8457699999999999,0.8476993522226729,0.0,0.8461344324211684,0.0037033568522256,1.0
BTC,77.37674628603885,,121.45677244995602,1.251236211429955,,,29876.45,29716.489825752447,29806.633,29896.77617424756,1.0,29818.76241928221,122.70800866138596,0.0
ETH,65.78713908491643,,3.893361914457724,-0.7589325844698993,,,1872.01,1865.9316932992847,1869.238,1872.544306700716,0.0,1870.0763849280129,3.1344293299878245,1.0
DOGE,54.65820290967423,,8.100351792798705e-05,-3.999390150199883e-05,,,0.0778,0.0775623337552869,0.077694,0.077825666244713,0.0,0.0777280623573781,4.1009616425988216e-05,1.0
SHIB,71.8989247815254,,1.832220952448347e-08,-1.1669521909724762e-09,,,8.435e-06,8.40326679947293e-06,8.42e-06,8.436733200527072e-06,0.0,8.421833826830403e-06,1.7155257333510994e-08,1.0
ETC,57.27780874256386,,0.0325432798354598,-0.0122620734420394,,,18.4805,18.42329127644713,18.4531,18.482908723552864,0.0,18.462608703929067,0.0202812063934203,1.0
UNI,56.61603392184226,,0.0096091968635492,-0.0014183558083922,,,6.668,6.65303222964443,6.6631,6.67316777035557,0.0,6.663163121040451,0.0081908410551569,1.0
AAVE,63.92781053326532,,0.4143830327092051,-0.0454328886987359,,,66.25,66.24509327679803,66.2766996,66.30830592320197,0.0,66.29752428025357,0.3689501440104692,1.0
LTC,49.69881847490967,,0.0082455051175772,-0.0601021395258159,,,93.45,92.98466496599518,93.246,93.50733503400484,0.0,93.32166010689164,-0.0518566344082387,1.0
LINK,64.27914925459336,,0.0199337015554091,-0.0032227336116664,,,7.6355,7.60957161172306,7.6235,7.637428388276939,0.0,7.625622427405211,0.0167109679437427,1.0
COMP,61.15705653069639,,0.4147225770699674,0.006783112776971,,,66.485512,66.12768456077009,66.6033428,67.0790010392299,1.0,66.4942195113276,0.4215056898469385,0.0
AVAX,69.60360640140395,,0.0261921227892064,-0.0029126409198882,,,12.901,12.840996855502455,12.872800000000002,12.904603144497546,0.0,12.87986224805495,0.0232794818693182,1.0
XLM,44.26266091599597,,0.0005094983488935,-0.0002292220667843,,,0.15245722,0.1522737417109123,0.152887658,0.1535015742890876,0.0,0.1528928269248261,0.0002802762821091,1.0
BCH,55.49614749763725,,0.498056979220742,-0.1840324586436922,,,244.555,243.6201096158606,244.099,244.57789038413927,0.0,244.31057673576737,0.3140245205770497,1.0
XTZ,77.19910833298732,,0.0039706588718596,-0.0002673020196339,,,0.847,0.8438406477773269,0.8457699999999999,0.8476993522226729,0.0,0.8461344324211684,0.0037033568522256,1.0
BTC,77.87612935009598,,121.95652243723067,1.998999984134784,,,29886.74,29752.62470381259,29835.232,29917.83929618741,0.0,29841.42161285481,123.95552242136546,0.0
ETH,67.73224279075984,,3.754112261719044,-0.5569986109547216,,,1873.145,1866.4020691577048,1870.364,1874.3259308422955,0.0,1871.099256618676,3.1971136507643223,1.0
DOGE,60.31742658601728,,7.535186051377439e-05,-2.260662965685066e-05,,,0.07794,0.0774982835007827,0.077738,0.0779777164992172,0.0,0.077798708238252,5.274523085692373e-05,1.0
SHIB,73.38514139580765,,1.8247253142262253e-08,-2.9982551928766647e-10,,,8.44e-06,8.400848326197057e-06,8.424000000000001e-06,8.447151673802945e-06,0.0,8.427889217886936e-06,1.7947427622974583e-08,1.0
ETC,60.63958193298536,,0.0302972001048383,-0.0089843188585144,,,18.5005,18.414564358320995,18.4627,18.510835641679,0.0,18.475239135952712,0.0213128812463239,1.0
UNI,54.860915077085295,,0.0092557318530648,-0.0014138600419375,,,6.6641681,6.653356940943743,6.663433620000001,6.673510299056259,0.0,6.663498114026968,0.0078418718111272,1.0
AAVE,61.310504092178014,,0.3992783391343186,-0.0604187743611026,,,66.185,66.17870892916716,66.25934000000001,66.33997107083286,0.0,66.26001618683571,0.338859564773216,1.0
LTC,48.10379099113016,,-0.0032308212621681,-0.0459053055189816,,,93.395,92.98176398559816,93.27,93.55823601440188,0.0,93.34610673792776,-0.0491361267811498,1.0
LINK,65.79705811857876,,0.0193478563695271,-0.0023433807435281,,,7.6405,7.612371629780117,7.6286,7.644828370219884,0.0,7.63058161827014,0.017004475625999,1.0
COMP,59.66746664215899,,0.411542069502074,-0.0127220302715737,,,66.41556,66.06659331848842,66.53841680000001,67.0102402815116,0.0,66.4679996742184,0.3988200392305003,1.0
AVAX,70.85127874043316,,0.0258395711823071,-0.0014102064275975,,,12.907,12.84498733547272,12.8825,12.920012664527276,0.0,12.888908165369967,0.0244293647547095,1.0
XLM,47.78570036496037,,0.0004518744148454,-0.000230495735094,,,0.15270218,0.1523448256493659,0.1527592619999999,0.153173698350634,0.0,0.152829277949884,0.0002213786797513,1.0
BCH,57.86792181106729,,0.4627107411649067,-0.1439565233433856,,,244.785,243.57290174106564,244.265,244.9570982589344,0.0,244.4690261177101,0.318754217821521,1.0
XTZ,80.26647032203653,,0.003925022430976,-0.0001825457699169,,,0.84875,0.843642666744319,0.84651,0.849377333255681,0.0,0.847006288280779,0.003742476661059,0.0
BTC,77.8761293702721,,121.95652244534097,1.9989999815396828,,,29886.74,29752.624703812588,29835.232,29917.83929618741,0.0,29841.42161285481,123.95552242688063,0.0
ETH,67.73224279075984,,3.754112261719044,-0.5569986109547216,,,1873.145,1866.4020691577048,1870.364,1874.3259308422955,0.0,1871.099256618676,3.1971136507643223,1.0
DOGE,60.31742658601728,,7.535186051377439e-05,-2.260662965685066e-05,,,0.07794,0.0774982835007827,0.077738,0.0779777164992172,0.0,0.077798708238252,5.274523085692373e-05,1.0
SHIB,73.38514139580765,,1.8247253142262253e-08,-2.9982551928766647e-10,,,8.44e-06,8.400848326197057e-06,8.424000000000001e-06,8.447151673802945e-06,0.0,8.427889217886936e-06,1.7947427622974583e-08,1.0
ETC,60.63958193228887,,0.0302972001196456,-0.0089843188632568,,,18.5005,18.414564358320995,18.4627,18.510835641679,0.0,18.475239135952712,0.0213128812563887,1.0
UNI,54.860915077085295,,0.0092557318530648,-0.0014138600419375,,,6.6641681,6.653356940943743,6.663433620000001,6.673510299056259,0.0,6.663498114026968,0.0078418718111272,1.0
AAVE,61.31050409270334,,0.3992783391200718,-0.0604187743565334,,,66.185,66.17870892916643,66.25934000000001,66.33997107083358,0.0,66.26001618683571,0.3388595647635384,1.0
LTC,48.10379099113016,,-0.0032308212621681,-0.0459053055189816,,,93.395,92.98176398559816,93.27,93.55823601440188,0.0,93.34610673792776,-0.0491361267811498,1.0
LINK,65.79705811857876,,0.0193478563695271,-0.0023433807435281,,,7.6405,7.612371629780117,7.6286,7.644828370219884,0.0,7.63058161827014,0.017004475625999,1.0
COMP,59.66746664215899,,0.411542069502074,-0.0127220302715737,,,66.41556,66.06659331848842,66.53841680000001,67.0102402815116,0.0,66.4679996742184,0.3988200392305003,1.0
AVAX,70.85127875255282,,0.0258395711843063,-0.0014102064282378,,,12.907,12.84498733547272,12.8825,12.920012664527276,0.0,12.888908165369967,0.0244293647560684,1.0
XLM,47.78570036496037,,0.0004518744148454,-0.000230495735094,,,0.15270218,0.1523448256493659,0.1527592619999999,0.153173698350634,0.0,0.152829277949884,0.0002213786797513,1.0
BCH,57.733255242879125,,0.4624050251582845,-0.1426078162498301,,,244.785,243.5729017410657,244.265,244.9570982589344,0.0,244.4687178238449,0.3197972089084544,1.0
BTC,77.87612935009598,,121.95652243723067,1.998999984134784,,,29886.74,29752.62470381259,29835.232,29917.83929618741,0.0,29841.42161285481,123.95552242136546,0.0
ETH,67.73224279075984,,3.754112261719044,-0.5569986109547216,,,1873.145,1866.4020691577048,1870.364,1874.3259308422955,0.0,1871.099256618676,3.1971136507643223,1.0
DOGE,60.31742658601728,,7.535186051377439e-05,-2.260662965685066e-05,,,0.07794,0.0774982835007827,0.077738,0.0779777164992172,0.0,0.077798708238252,5.274523085692373e-05,1.0
SHIB,73.38514139580765,,1.8247253142262253e-08,-2.9982551928766647e-10,,,8.44e-06,8.400848326197057e-06,8.424000000000001e-06,8.447151673802945e-06,0.0,8.427889217886936e-06,1.7947427622974583e-08,1.0
ETC,60.63958193228887,,0.0302972001196456,-0.0089843188632568,,,18.5005,18.414564358320995,18.4627,18.510835641679,0.0,18.475239135952712,0.0213128812563887,1.0
UNI,51.84875505537338,,0.0087940192011712,-0.0018468506075741,,,6.6575,6.651100686298451,6.66223362,6.673366553701549,0.0,6.661498742684645,0.0069471685935971,1.0
AAVE,67.76157607521301,,0.3864137594328344,-0.0514583187489496,,,66.48,66.1035311729973,66.3,66.4964688270027,0.0,66.33334412455714,0.3349554406838848,1.0
LTC,49.22065234433649,,-0.0113151962108954,-0.0323375000350754,,,93.43,93.15589586157974,93.34799999999998,93.54010413842023,0.0,93.37407115861852,-0.0436526962459709,1.0
LINK,68.79581164824745,,0.0190539361810016,-0.0011756807541019,,,7.651,7.610684487944688,7.6339,7.657115512055311,0.0,7.637387745513427,0.0178782554268996,1.0
COMP,64.10399515466939,,0.4097925796435177,-0.0069979594342256,,,66.745164,66.21815750351448,66.48648560000001,66.75481369648554,0.0,66.56038778281227,0.402794620209292,1.0
AVAX,73.39900710454742,,0.0258894389211252,0.0001994709472755,,,12.92,12.856992744758532,12.894900000000002,12.932807255241473,0.0,12.899272110246644,0.0260889098684007,0.0
XLM,44.9190963727077,,0.0003923777206379,-0.0002379867768298,,,0.152472525,0.1523093552842898,0.152641969,0.1529745827157101,0.0,0.1527103602999227,0.0001543909438081,1.0
BCH,59.31334609970229,,0.4366916103160078,-0.102853659369107,,,244.95,243.74415809021312,244.481,245.21784190978687,0.0,244.62914521589664,0.3338379509469007,1.0
XTZ,76.1677855225659,,0.0038757429283235,-0.0001971180047001,,,0.8481,0.8445497104410756,0.8471400000000001,0.8497302895589246,0.0,0.8473708588538527,0.0036786249236233,1.0
BTC,79.27222088511502,,122.73443309452858,3.111642596750528,,,29915.895,29784.496703132176,29863.088,29941.679296867824,0.0,29866.246075236544,125.84607569127913,0.0
ETH,68.51355331669261,,3.652587031613837,-0.4061009204208292,,,1873.605,1868.0973065210044,1871.57,1875.042693478996,0.0,1871.9345044124505,3.246486111193008,1.0
DOGE,60.69479439510162,,7.270877563373554e-05,-1.0572339520155432e-05,,,0.07795,0.0775532858764446,0.0778049999999999,0.0780567141235552,0.0,0.0778491388255014,6.213643611358011e-05,1.0
SHIB,76.10688174955439,,1.84300556278967e-08,7.312099425378e-10,,,8.45e-06,8.406231802548966e-06,8.432e-06,8.457768197451033e-06,0.0,8.435259478591291e-06,1.91612655704345e-08,0.0
ETC,61.61541970292684,,0.028709144929495,-0.0063522207606022,,,18.5065,18.426513946162768,18.4767,18.526886053837234,0.0,18.485659423968475,0.0223569241688927,1.0
UNI,51.63616796019716,,0.0087860419931942,-0.0018787594394822,,,6.657,6.650824813307732,6.6621336200000005,6.67344242669227,0.0,6.661332076017979,0.0069072825537119,1.0
AAVE,67.8524281773048,,0.3864935315126065,-0.0511392304298614,,,66.485,66.10086004900616,66.301,66.50113995099385,0.0,66.33501079122381,0.3353543010827451,1.0
LTC,49.220652341729775,,-0.0113151962664889,-0.0323375000172828,,,93.43,93.1558958615798,93.34799999999998,93.54010413842016,0.0,93.37407115861852,-0.0436526962837717,1.0
LINK,69.05420990891335,,0.0190698905969562,-0.0011118630902836,,,7.652,7.610289078136486,7.634099999999999,7.657910921863513,0.0,7.63772107884676,0.0179580275066726,1.0
COMP,64.2231484897574,,0.4099517967375348,-0.0063610910581572,,,66.7551435,66.2124487574114,66.4884815,66.76451424258862,0.0,66.56371428281227,0.4035907056793775,1.0
AVAX,73.3990070922459,,0.0258894389192743,0.0001994709478687,,,12.92,12.856992744758532,12.894900000000002,12.932807255241473,0.0,12.899272110246644,0.026088909867143,0.0
XLM,44.91909637589794,,0.0003923777208734,-0.0002379867769051,,,0.152472525,0.1523093552842898,0.152641969,0.1529745827157101,0.0,0.1527103602999227,0.0001543909439682,1.0
BCH,59.47766450802829,,0.4367033594440571,-0.1040295268833986,,,244.95,243.7441580902131,244.481,245.2178419097869,0.0,244.62935074514007,0.3326738325606584,1.0
XTZ,76.16778551835331,,0.0038757429296915,-0.0001971180051379,,,0.8481,0.8445497104410691,0.8471399999999999,0.8497302895589307,0.0,0.8473708588538527,0.0036786249245536,1.0
BTC,79.27222088511502,,122.73443309452858,3.111642596750528,,,29915.895,29784.496703132176,29863.088,29941.679296867824,0.0,29866.246075236544,125.84607569127913,0.0
ETH,68.51355331669261,,3.652587031613837,-0.4061009204208292,,,1873.605,1868.0973065210044,1871.57,1875.042693478996,0.0,1871.9345044124505,3.246486111193008,1.0
DOGE,60.69479437794054,,7.270877571676552e-05,-1.0572339546730567e-05,,,0.07795,0.0775532858764452,0.0778049999999999,0.0780567141235547,0.0,0.0778491388255014,6.213643617003495e-05,1.0
SHIB,76.10688174955439,,1.84300556278967e-08,7.312099425378e-10,,,8.45e-06,8.406231802548966e-06,8.432e-06,8.457768197451033e-06,0.0,8.435259478591291e-06,1.91612655704345e-08,0.0
ETC,61.61541970292684,,0.028709144929495,-0.0063522207606022,,,18.5065,18.426513946162768,18.4767,18.526886053837234,0.0,18.485659423968475,0.0223569241688927,1.0
UNI,51.63616796019716,,0.0087860419931942,-0.0018787594394822,,,6.657,6.650824813307732,6.6621336200000005,6.67344242669227,0.0,6.661332076017979,0.0069072825537119,1.0
AAVE,67.8524281773048,,0.3864935315126065,-0.0511392304298614,,,66.485,66.10086004900616,66.301,66.50113995099385,0.0,66.33501079122381,0.3353543010827451,1.0
LTC,49.220652341729775,,-0.0113151962664889,-0.0323375000172828,,,93.43,93.1558958615798,93.34799999999998,93.54010413842016,0.0,93.37407115861852,-0.0436526962837717,1.0
LINK,69.05420990891335,,0.0190698905969562,-0.0011118630902836,,,7.652,7.610289078136486,7.634099999999999,7.657910921863513,0.0,7.63772107884676,0.0179580275066726,1.0
COMP,64.2231484897574,,0.4099517967375348,-0.0063610910581572,,,66.7551435,66.2124487574114,66.4884815,66.76451424258862,0.0,66.56371428281227,0.4035907056793775,1.0
AVAX,73.3990070922459,,0.0258894389192743,0.0001994709478687,,,12.92,12.856992744758532,12.894900000000002,12.932807255241473,0.0,12.899272110246644,0.026088909867143,0.0
XLM,44.9190963727077,,0.0003923777206379,-0.0002379867768298,,,0.152472525,0.1523093552842898,0.152641969,0.1529745827157101,0.0,0.1527103602999227,0.0001543909438081,1.0
BCH,59.47766450802829,,0.4367033594440571,-0.1040295268833986,,,244.95,243.7441580902131,244.481,245.2178419097869,0.0,244.62935074514007,0.3326738325606584,1.0
XTZ,76.1677855225659,,0.0038757429283235,-0.0001971180047001,,,0.8481,0.8445497104410756,0.8471400000000001,0.8497302895589246,0.0,0.8473708588538527,0.0036786249236233,1.0
BTC,78.59984493894082,,123.3076207847878,2.292750761036814,,2023-08-01 20:25:19.863794,29912.225,29819.737006705567,29883.688,29947.63899329444,0.0,29881.57238349103,125.6003715458246,0.0
ETH,67.80250483544917,,3.5687523074573533,-0.3353388966259358,,2023-08-01 20:25:20.374404,1873.42,1869.1727750241555,1872.311,1875.4492249758448,0.0,1872.4296696083004,3.233413410831417,1.0
DOGE,63.49843567612488,,7.312082379871967e-05,1.6481926599365155e-06,,2023-08-01 20:25:22.581213,0.078025,0.0776492822214774,0.077883,0.0781167177785226,0.0,0.0779077592170009,7.476901645865619e-05,0.0
SHIB,68.55670452845544,,1.8563283584079804e-08,5.329118247324097e-10,,2023-08-01 20:25:23.828243,8.44e-06,8.417404082060954e-06,8.437e-06,8.456595917939047e-06,0.0,8.436839652394195e-06,1.9096195408812214e-08,0.0
ETC,56.235222075560245,,0.0272083213496045,-0.0060032943195621,,2023-08-01 20:25:24.314562,18.485,18.439579981704583,18.4833,18.52702001829541,0.0,18.485439615978983,0.0212050270300423,1.0
UNI,49.87439133447961,,0.008184283737204,-0.0024070330239608,,2023-08-01 20:25:24.807747,6.653,6.647488446829553,6.659233619999999,6.670978793170446,0.0,6.65855471734532,0.0057772507132431,1.0
AAVE,63.78707884205983,,0.3732768736223338,-0.0528666315610908,,2023-08-01 20:25:25.321153,66.38,66.10856265857348,66.31800000000001,66.52743734142655,0.0,66.35000719414921,0.3204102420612429,1.0
LTC,47.95056386110311,,-0.0174621525822444,-0.0245878252630221,,2023-08-01 20:25:25.813980,93.39,93.21867642987432,93.378,93.53732357012568,0.0,93.37938077241236,-0.0420499778452665,1.0
LINK,71.70380057610743,,0.0191235263305567,0.0002145429344018,,2023-08-01 20:25:26.859387,7.6625,7.611909533292461,7.641800000000001,7.671690466707541,0.0,7.645980719231174,0.0193380692649585,0.0
COMP,60.10560988282386,,0.4054560756488234,-0.0179828843548455,,2023-08-01 20:25:27.343820,66.5639,66.27141733353594,66.5261375,66.78085766646407,0.0,66.56377618854151,0.3874731912939779,1.0
AVAX,70.09983263223216,,0.0260262101837488,0.0005470850578982,,2023-08-01 20:25:28.211922,12.9135,12.875052816429571,12.903900000000002,12.932747183570433,0.0,12.904014740164431,0.026573295241647,0.0
XLM,44.29532242199545,,0.000333133145456,-0.0002369783016694,,2023-08-01 20:25:28.858527,0.152422465,0.1523112660737391,0.15254475,0.1527782339262608,0.0,0.1526143951999484,9.615484378663886e-05,1.0
BCH,56.25136120049056,,0.4136508436531449,-0.0922100631636488,,2023-08-01 20:25:29.482783,244.72,243.9723158265582,244.60700000000003,245.24168417344185,0.0,244.65956716342671,0.3214407804894961,1.0
XTZ,71.62317651622473,,0.0038059639285288,-0.0002791160046509,,2023-08-01 20:25:30.026496,0.84735,0.8462106029661288,0.84762,0.8490293970338713,0.0,0.8473639059025685,0.0035268479238779,1.0
ETH,67.80250483544917,,3.5687523074573533,-0.3353388966259358,,2023-08-01 20:29:45.177586,1873.42,1869.1727750241555,1872.311,1875.4492249758448,0.0,1872.4296696083004,3.233413410831417,1.0
ETC,56.235222075560245,,0.0272083213496045,-0.0060032943195621,,2023-08-01 20:29:48.149425,18.485,18.439579981704583,18.4833,18.52702001829541,0.0,18.485439615978983,0.0212050270300423,1.0
UNI,49.87439133447961,,0.008184283737204,-0.0024070330239608,,2023-08-01 20:29:48.698786,6.653,6.647488446829553,6.659233619999999,6.670978793170446,0.0,6.65855471734532,0.0057772507132431,1.0
AAVE,63.78707884205983,,0.3732768736223338,-0.0528666315610908,,2023-08-01 20:29:49.147068,66.38,66.10856265857348,66.31800000000001,66.52743734142655,0.0,66.35000719414921,0.3204102420612429,1.0
LTC,47.95056386386957,,-0.0174621525307693,-0.0245878252794958,,2023-08-01 20:29:49.609627,93.39,93.21867642987424,93.378,93.53732357012576,0.0,93.37938077241236,-0.0420499778102652,1.0
COMP,60.10560988282386,,0.4054560756488234,-0.0179828843548455,,2023-08-01 20:29:51.063999,66.5639,66.27141733353594,66.5261375,66.78085766646407,0.0,66.56377618854151,0.3874731912939779,1.0
XLM,44.29532241899721,,0.000333133145238,-0.0002369783015996,,2023-08-01 20:29:52.422478,0.152422465,0.1523112660737391,0.15254475,0.1527782339262609,0.0,0.1526143951999484,9.615484363836856e-05,1.0
BCH,56.25136120049056,,0.4136508436531449,-0.0922100631636488,,2023-08-01 20:29:52.902489,244.72,243.9723158265582,244.60700000000003,245.24168417344185,0.0,244.65956716342671,0.3214407804894961,1.0
XTZ,71.62317651622473,,0.0038059639285288,-0.0002791160046509,,2023-08-01 20:29:53.398596,0.84735,0.8462106029661288,0.84762,0.8490293970338713,0.0,0.8473639059025685,0.0035268479238779,1.0
BTC,81.42885982315433,,124.41789166281652,4.441083512114886,,2023-08-01 20:32:08.138617,29973.43,29845.50176583296,29912.947999999997,29980.394234167034,0.0,29912.191588994025,128.8589751749314,0.0
ETH,72.6236459563621,,3.5387736185921153,-0.1199147554609521,,2023-08-01 20:32:08.753878,1876.335,1870.8471666717166,1873.703,1876.5588333282833,0.0,1873.7314464055337,3.418858863131163,1.0
DOGE,66.57917835895213,,7.66954102105172e-05,1.42983456471901e-05,,2023-08-01 20:32:10.920785,0.078115,0.07775782699503118,0.07796600000000001,0.07817417300496883,0.0,0.07797683947800063,9.09937558577073e-05,0.0
SHIB,70.15117034362623,,1.8695917757526596e-08,5.30536693787165e-10,,2023-08-01 20:32:12.076663,8.445e-06,8.43180196097895e-06,8.442000000000002e-06,8.452198039021053e-06,0.0,8.439559768262797e-06,1.922645445131376e-08,0.0
ETC,58.417675815310865,,0.025970288228539497,-0.004952132484260043,,2023-08-01 20:32:12.576892,18.497,18.47449484605196,18.493900000000004,18.513305153948046,0.0,18.489293077319324,0.021018155744279454,1.0
UNI,54.663626362025305,,0.007696114876650094,-0.0019526754425105196,,2023-08-01 20:32:13.078925,6.6645,6.650352532767716,6.661333620000001,6.672314707232285,0.0,6.660536478230213,0.0057434394341395745,1.0
AAVE,66.27406359853757,,0.36154613581193024,-0.046922951290464476,,2023-08-01 20:32:13.643815,66.5,66.10964025885983,66.35999999999999,66.61035974114014,0.0,66.40000479609948,0.31462318452146576,1.0
LTC,54.577351482026764,,-0.018682311614555355,-0.00488063633514391,,2023-08-01 20:32:14.213780,93.6,93.29942916944282,93.453,93.60657083055719,0.0,93.45292051494157,-0.023562947949699264,1.0
LINK,74.89987236989589,,0.01956994443679251,0.0017856724249431938,,2023-08-01 20:32:15.788372,7.677,7.623453369573412,7.653499999999999,7.683546630426586,0.0,7.65632047948745,0.021355616861735705,0.0
COMP,55.9719079343157,,0.3951871653185025,-0.04107564132128394,,2023-08-01 20:32:16.220463,66.359338,66.24014493613306,66.5158907,66.79163646386694,0.0,66.49563012569435,0.35411152399721857,1.0
AVAX,74.87171244729,,0.02655779972924421,0.0021263581819813727,,2023-08-01 20:32:18.151037,12.939,12.889912980315588,12.9161,12.942287019684413,0.0,12.915676493442955,0.028684157911225583,0.0
XLM,43.479294444452094,,0.0002753906777574515,-0.00023096987079449335,,2023-08-01 20:32:19.800534,0.15235964,0.15225008953028202,0.152482806,0.15271552246971798,0.0,0.15252947679996565,4.442080696295814e-05,1.0
BCH,56.16159943688267,,0.39316694135394226,-0.08289461389552155,,2023-08-01 20:32:20.845216,244.72,244.4914887035583,244.746,245.00051129644172,0.0,244.67962009595408,0.3102723274584207,1.0
XTZ,73.33645428619576,,0.0037302854188343373,-0.0003027140387779994,,2023-08-01 20:32:21.874405,0.8481,0.8466248481878431,0.8478600000000001,0.849095151812157,0.0,0.8476092706017123,0.003427571380056338,1.0
